char	pinyin	strokes	radical	composition	components	etymology	semantic	phonetic	meaning
的	de5	8	106	left_right	白,勺	phono_semantic	白	勺	target; of
一	yi1	1	1	singular		simple_indicative			one
是	shi4	9	72	top_bottom	日,疋	compound_indicative			be; correct
不	bu4	4	1	singular		simple_indicative			not
了	le5	2	6	singular		pictograph			finish; modal
人	ren2	2	9	singular		pictograph			person
我	wo3	7	62	singular		simple_indicative			I; me
在	zai4	6	32	semi_enclosure_upper_left	才,土	phono_semantic	土	才	at; in
有	you3	6	74	top_bottom	𠂇,月	compound_indicative			have
他	ta1	5	9	left_right	亻,也	phono_semantic	亻	也	he; him
这	zhe4	7	162	semi_enclosure_bottom_left	辶,文	phono_semantic	辶	文	this
中	zhong1	4	2	singular		pictograph			middle
大	da4	3	37	singular		pictograph			big
来	lai2	7	75	top_bottom	一,米	phonetic_loan			come
上	shang4	3	1	singular		simple_indicative			up; above
国	guo2	8	31	full_enclosure	囗,玉	phono_semantic	囗	玉	country
个	ge4	3	9	top_bottom	人,丨	simple_indicative			measure word
到	dao4	8	18	left_right	至,刂	phono_semantic	至	刂	arrive
说	shuo1	9	149	left_right	讠,兑	phono_semantic	讠	兑	say; speak
们	men5	5	9	left_right	亻,门	phono_semantic	亻	门	plural marker
为	wei4	4	3	singular		pictograph			for; do
子	zi3	3	39	singular		pictograph			child; seed
和	he2	8	115	left_right	禾,口	phono_semantic	口	禾	and; harmony
你	ni3	7	9	left_right	亻,尔	phono_semantic	亻	尔	you
地	di4	6	32	left_right	土,也	phono_semantic	土	也	earth; ground
出	chu1	5	17	top_bottom	屮,凵	compound_indicative			go out
会	hui4	6	9	top_bottom	人,云	compound_indicative			meet; can
时	shi2	7	72	left_right	日,寸	phono_semantic	日	寸	time
要	yao4	9	146	top_bottom	覀,女	compound_indicative			want; need
也	ye3	3	5	singular		pictograph			also
以	yi3	4	9	singular		pictograph			with; by
生	sheng1	5	100	singular		pictograph			life; born
能	neng2	10	130	left_right	厶,能	pictograph			able; can
就	jiu4	12	43	left_right	京,尤	phono_semantic	尤	京	then; at once
对	dui4	5	41	left_right	又,寸	phono_semantic	寸	又	correct; pair
着	zhe5	11	109	top_bottom	羊,目	compound_indicative			aspect marker
过	guo4	6	162	semi_enclosure_bottom_left	辶,寸	phono_semantic	辶	寸	pass; cross
还	hai2	7	162	semi_enclosure_bottom_left	辶,不	phono_semantic	辶	不	still; return
年	nian2	6	51	singular		pictograph			year
多	duo1	6	36	top_bottom	夕,夕	compound_indicative			many; much
后	hou4	6	30	semi_enclosure_upper_left	𠂋,口	compound_indicative			after; behind
作	zuo4	7	9	left_right	亻,乍	phono_semantic	亻	乍	do; make
里	li3	7	166	top_bottom	田,土	compound_indicative			inside; mile
用	yong4	5	101	singular		pictograph			use
道	dao4	12	162	semi_enclosure_bottom_left	辶,首	phono_semantic	辶	首	way; road
行	xing2	6	144	left_right	彳,亍	compound_indicative			walk; go
所	suo3	8	63	left_right	户,斤	compound_indicative			place
然	ran2	12	86	top_bottom	肰,灬	phono_semantic	灬	肰	so; like that
家	jia1	10	40	top_bottom	宀,豕	compound_indicative			home; family
种	zhong3	9	115	left_right	禾,中	phono_semantic	禾	中	kind; seed
事	shi4	8	6	singular		pictograph			matter; thing
成	cheng2	6	62	singular		compound_indicative			become
方	fang1	4	70	singular		pictograph			square; method
下	xia4	3	1	singular		simple_indicative			down; below
发	fa1	5	29	singular		pictograph			send; emit
天	tian1	4	37	top_bottom	一,大	simple_indicative			sky; day
如	ru2	6	38	left_right	女,口	phono_semantic	女	口	if; like
学	xue2	8	39	top_bottom	⺍,子	compound_indicative			learn; study
都	dou1	10	163	left_right	者,阝	phono_semantic	阝	者	all; capital
同	tong2	6	30	semi_enclosure_top_three	冂,口	compound_indicative			same
现	xian4	8	96	left_right	王,见	phono_semantic	王	见	appear; now
当	dang1	6	42	top_bottom	⺌,彐	phono_semantic	彐	⺌	serve as
没	mei2	7	85	left_right	氵,殳	phono_semantic	氵	殳	not have
动	dong4	6	19	left_right	云,力	phono_semantic	力	云	move
面	mian4	9	176	singular		pictograph			face; surface
起	qi3	10	156	semi_enclosure_bottom_left	走,己	phono_semantic	走	己	rise; start
看	kan4	9	109	top_bottom	手,目	compound_indicative			look; see
定	ding4	8	40	top_bottom	宀,疋	phono_semantic	宀	疋	decide; fix
开	kai1	4	55	singular		compound_indicative			open
问	wen4	6	30	semi_enclosure_top_three	门,口	compound_indicative			ask
情	qing2	11	61	left_right	忄,青	phono_semantic	忄	青	feeling
理	li3	11	96	left_right	王,里	phono_semantic	王	里	reason; logic
心	xin1	4	61	singular		pictograph			heart
机	ji1	6	75	left_right	木,几	phono_semantic	木	几	machine
经	jing1	8	120	left_right	纟,巠	phono_semantic	纟	巠	pass through
主	zhu3	5	3	singular		simple_indicative			main; lord
什	shen2	4	9	left_right	亻,十	phono_semantic	亻	十	what
样	yang4	10	75	left_right	木,羊	phono_semantic	木	羊	kind; manner
于	yu2	3	7	singular		pictograph			at; in
前	qian2	9	18	top_bottom	前,刂	compound_indicative			front; before
些	xie1	8	7	top_bottom	此,二	compound_indicative			some
从	cong2	4	9	left_right	人,人	compound_indicative			from; follow
想	xiang3	13	61	top_bottom	相,心	phono_semantic	心	相	think; want
得	de2	11	60	left_right	彳,旦	phono_semantic	彳	旦	get; obtain
自	zi4	6	132	singular		pictograph			self
之	zhi1	3	4	singular		pictograph			of; go
意	yi4	13	61	top_middle_bottom	立,日,心	compound_indicative			meaning; idea
外	wai4	5	36	left_right	夕,卜	compound_indicative			outside
长	chang2	4	168	singular		pictograph			long; grow
把	ba3	7	64	left_right	扌,巴	phono_semantic	扌	巴	grasp; handle
头	tou2	5	37	singular		pictograph			head
因	yin1	6	31	full_enclosure	囗,大	compound_indicative			because
只	zhi3	5	30	top_bottom	口,八	compound_indicative			only
去	qu4	5	28	top_bottom	土,厶	compound_indicative			go; leave
体	ti3	7	9	left_right	亻,本	phono_semantic	亻	本	body
好	hao3	6	38	left_right	女,子	compound_indicative			good
实	shi2	8	40	top_bottom	宀,头	phono_semantic	宀	头	real; solid
明	ming2	8	72	left_right	日,月	compound_indicative			bright
高	gao1	10	189	top_bottom	亠,口冂口	pictograph			high; tall
两	liang3	7	1	singular		pictograph			two; pair
已	yi3	3	49	singular		pictograph			already
她	ta1	6	38	left_right	女,也	phono_semantic	女	也	she; her
手	shou3	4	64	singular		pictograph			hand
知	zhi1	8	111	left_right	矢,口	phono_semantic	口	矢	know
者	zhe3	8	125	top_bottom	耂,日	compound_indicative			person who
最	zui4	12	73	top_bottom	日,取	compound_indicative			most
新	xin1	13	69	left_right	亲,斤	phono_semantic	斤	亲	new
进	jin4	7	162	semi_enclosure_bottom_left	辶,井	phono_semantic	辶	井	enter; advance
老	lao3	6	125	singular		pictograph			old
力	li4	2	19	singular		pictograph			power; force
法	fa3	8	85	left_right	氵,去	phono_semantic	氵	去	law; method
很	hen3	9	60	left_right	彳,艮	phono_semantic	彳	艮	very
间	jian1	7	169	semi_enclosure_top_three	门,日	compound_indicative			between
小	xiao3	3	42	singular		pictograph			small
回	hui2	6	31	full_enclosure	囗,口	compound_indicative			return
又	you4	2	29	singular		pictograph			again; also
其	qi2	8	12	singular		pictograph			its; that
无	wu2	4	71	singular		pictograph			none; without
全	quan2	6	9	top_bottom	人,王	compound_indicative			whole; all
给	gei3	9	120	left_right	纟,合	phono_semantic	纟	合	give
合	he2	6	30	top_bottom	人,口	compound_indicative			combine; fit
第	di4	11	118	top_bottom	⺮,弟	phono_semantic	⺮	弟	ordinal prefix
名	ming2	6	36	top_bottom	夕,口	compound_indicative			name
使	shi3	8	9	left_right	亻,吏	phono_semantic	亻	吏	make; use
次	ci4	6	15	left_right	冫,欠	phono_semantic	冫	欠	time; order
正	zheng4	5	77	singular		simple_indicative			correct; right
等	deng3	12	118	top_bottom	⺮,寺	phono_semantic	⺮	寺	wait; equal
被	bei4	10	145	left_right	衤,皮	phono_semantic	衤	皮	by (passive)
三	san1	3	1	singular		simple_indicative			three
而	er2	6	126	singular		pictograph			and; but
本	ben3	5	75	singular		simple_indicative			root; origin
那	na4	6	163	left_right	冄,阝	phono_semantic	阝	冄	that
十	shi2	2	24	singular		simple_indicative			ten
点	dian3	9	86	top_bottom	占,灬	phono_semantic	灬	占	point; dot
部	bu4	10	163	left_right	咅,阝	phono_semantic	阝	咅	part; section
太	tai4	4	37	singular		simple_indicative			too; very
相	xiang1	9	109	left_right	木,目	compound_indicative			mutual; look
信	xin4	9	9	left_right	亻,言	compound_indicative			believe; letter
利	li4	7	18	left_right	禾,刂	phono_semantic	禾	刂	benefit; sharp
但	dan4	7	9	left_right	亻,旦	phono_semantic	亻	旦	but; however
文	wen2	4	67	singular		pictograph			writing; text
与	yu3	3	1	singular		pictograph			and; give
活	huo2	9	85	left_right	氵,舌	phono_semantic	氵	舌	live; alive
将	jiang1	9	41	left_right	丬,寸	phono_semantic	寸	丬	will; about to
特	te4	10	93	left_right	牜,寺	phono_semantic	牜	寺	special
别	bie2	7	18	left_right	另,刂	phono_semantic	另	刂	other; don't
少	shao3	4	42	singular		simple_indicative			few; little
日	ri4	4	72	singular		pictograph			sun; day
打	da3	5	64	left_right	扌,丁	phono_semantic	扌	丁	hit; strike
关	guan1	6	12	top_bottom	丷,天	compound_indicative			close; related
白	bai3	5	106	singular		pictograph			white
果	guo3	8	75	top_bottom	田,木	compound_indicative			fruit; result
海	hai3	10	85	left_right	氵,每	phono_semantic	氵	每	sea; ocean
月	yue4	4	74	singular		pictograph			moon; month
见	jian4	4	147	singular		pictograph			see
分	fen1	4	18	top_bottom	八,刀	compound_indicative			divide; part
几	ji3	2	16	singular		pictograph			how many
内	nei4	4	11	singular		compound_indicative			inside
水	shui3	4	85	singular		pictograph			water
化	hua4	4	21	left_right	亻,匕	compound_indicative			change; -ize
气	qi4	4	84	singular		pictograph			air; gas
及	ji2	3	29	singular		compound_indicative			reach; and
己	ji3	3	49	singular		pictograph			self
加	jia1	5	19	left_right	力,口	phono_semantic	口	力	add; plus
此	ci3	6	77	left_right	止,匕	compound_indicative			this; here
话	hua4	8	149	left_right	讠,舌	phono_semantic	讠	舌	speech; word
更	geng4	7	73	singular		compound_indicative			more; change
向	xiang4	6	30	semi_enclosure_upper_left	丿,向	pictograph			toward
电	dian4	5	173	singular		pictograph			electric
工	gong1	3	48	singular		pictograph			work; craft
位	wei4	7	9	left_right	亻,立	phono_semantic	亻	立	position; seat
真	zhen1	10	109	top_bottom	直,八	phono_semantic	目	直	true; real
何	he2	7	9	left_right	亻,可	phono_semantic	亻	可	what; how
反	fan3	4	29	singular		compound_indicative			opposite
比	bi3	4	81	left_right	匕,匕	compound_indicative			compare
目	mu4	5	109	singular		pictograph			eye
山	shan1	3	46	singular		pictograph			mountain
走	zou3	7	156	top_bottom	土,止	compound_indicative			walk; go
各	ge4	6	30	top_bottom	夂,口	compound_indicative			each; every
入	ru4	2	11	singular		pictograph			enter
接	jie1	11	64	left_right	扌,妾	phono_semantic	扌	妾	receive; connect
重	zhong4	9	166	singular		compound_indicative			heavy; again
让	rang4	5	149	left_right	讠,上	phono_semantic	讠	上	let; allow
政	zheng4	8	66	left_right	正,攵	phono_semantic	攵	正	politics
表	biao3	8	145	top_bottom	龶,衣	compound_indicative			surface; list
系	xi4	7	120	singular		pictograph			system; tie
物	wu4	8	93	left_right	牜,勿	phono_semantic	牜	勿	thing; object
民	min2	5	83	singular		pictograph			people
义	yi4	3	3	singular		simple_indicative			justice; meaning
件	jian4	6	9	left_right	亻,牛	phono_semantic	亻	牛	item; piece
通	tong1	10	162	semi_enclosure_bottom_left	辶,甬	phono_semantic	辶	甬	through; pass
指	zhi3	9	64	left_right	扌,旨	phono_semantic	扌	旨	finger; point
期	qi1	12	74	left_right	其,月	phono_semantic	月	其	period; term
总	zong3	9	61	top_bottom	丷,总	phono_semantic	心	总	total; always
条	tiao2	7	75	top_bottom	夂,木	phono_semantic	木	夂	strip; item
数	shu4	13	66	left_right	娄,攵	phono_semantic	攵	娄	number; count
提	ti2	12	64	left_right	扌,是	phono_semantic	扌	是	raise; mention
业	ye4	5	1	singular		pictograph			profession
变	bian4	8	29	top_bottom	亦,又	compound_indicative			change
记	ji4	5	149	left_right	讠,己	phono_semantic	讠	己	record; remember
统	tong3	9	120	left_right	纟,充	phono_semantic	纟	充	unite; system
原	yuan2	10	27	semi_enclosure_upper_left	厂,泉	phono_semantic	厂	泉	original
平	ping2	5	51	singular		simple_indicative			flat; peaceful
产	chan3	6	8	singular		compound_indicative			produce
先	xian1	6	10	top_bottom	𠂎,儿	compound_indicative			first; before
公	gong1	4	12	top_bottom	八,厶	compound_indicative			public
根	gen1	10	75	left_right	木,艮	phono_semantic	木	艮	root; basis
报	bao4	7	64	left_right	扌,卩	phono_semantic	扌	卩	report; news
感	gan3	13	61	top_bottom	咸,心	phono_semantic	心	咸	feel; sense
直	zhi2	8	109	top_bottom	十,目	compound_indicative			straight
题	ti2	15	181	left_right	是,页	phono_semantic	页	是	topic; problem
五	wu3	4	7	singular		pictograph			five
市	shi4	5	50	top_bottom	亠,巾	compound_indicative			city; market
受	shou4	8	29	top_bottom	爫,又	compound_indicative			receive
常	chang2	11	50	top_bottom	⺌,巾	phono_semantic	巾	尚	often; normal
四	si4	5	31	full_enclosure	囗,八	pictograph			four
思	si1	9	61	top_bottom	田,心	phono_semantic	心	田	think; miss
西	xi1	6	146	singular		pictograph			west
身	shen1	7	158	singular		pictograph			body
干	gan4	3	51	singular		pictograph			dry; do
热	re4	10	86	top_bottom	执,灬	phono_semantic	灬	执	hot; heat
完	wan2	7	40	top_bottom	宀,元	phono_semantic	宀	元	finish; whole
场	chang3	6	32	left_right	土,昜	phono_semantic	土	昜	field; place
计	ji4	4	149	left_right	讠,十	phono_semantic	讠	十	plan; count
叫	jiao4	5	30	left_right	口,丩	phono_semantic	口	丩	call; shout
任	ren4	6	9	left_right	亻,壬	phono_semantic	亻	壬	appoint; let
精	jing1	14	119	left_right	米,青	phono_semantic	米	青	fine; essence
性	xing4	8	61	left_right	忄,生	phono_semantic	忄	生	nature; gender
制	zhi4	8	18	left_right	制,刂	phono_semantic	刂	制	system; make
论	lun4	6	149	left_right	讠,仑	phono_semantic	讠	仑	discuss; theory
解	jie3	13	148	left_right	角,刀牛	compound_indicative			explain; solve
教	jiao4	11	66	left_right	孝,攵	phono_semantic	攵	孝	teach
应	ying1	7	53	semi_enclosure_upper_left	广,应	phono_semantic	广	应	should; answer
口	kou3	3	30	singular		pictograph			mouth
认	ren4	4	149	left_right	讠,人	phono_semantic	讠	人	recognize
权	quan2	6	75	left_right	木,又	phono_semantic	木	又	right; power
路	lu4	13	157	left_right	足,各	phono_semantic	足	各	road; path
光	guang1	6	10	top_bottom	⺌,儿	compound_indicative			light; ray
万	wan4	3	1	singular		pictograph			ten thousand
处	chu4	5	34	semi_enclosure_upper_left	夂,卜	compound_indicative			place; handle
再	zai4	6	12	singular		simple_indicative			again
保	bao3	9	9	left_right	亻,呆	phono_semantic	亻	呆	protect; keep
运	yun4	7	162	semi_enclosure_bottom_left	辶,云	phono_semantic	辶	云	transport; luck
笑	xiao4	10	118	top_bottom	⺮,夭	phono_semantic	⺮	夭	laugh; smile
百	bai3	6	106	top_bottom	一,白	phono_semantic	白	一	hundred
许	xu3	6	149	left_right	讠,午	phono_semantic	讠	午	allow; perhaps
写	xie3	5	14	top_bottom	冖,与	compound_indicative			write
八	ba1	2	12	singular		pictograph			eight
字	zi4	6	39	top_bottom	宀,子	phono_semantic	宀	子	character; word
觉	jue2	9	147	top_bottom	⺍,见	phono_semantic	见	学	feel; awaken
求	qiu2	7	85	singular		pictograph			seek; request
战	zhan4	9	62	left_right	占,戈	phono_semantic	戈	占	war; fight
越	yue4	12	156	semi_enclosure_bottom_left	走,戉	phono_semantic	走	戉	exceed; cross
死	si3	6	78	left_right	歹,匕	compound_indicative			die; death
声	sheng1	7	33	top_bottom	士,声	phono_semantic	耳	殸	sound; voice
北	bei3	5	21	left_right	匕,匕	compound_indicative			north
象	xiang4	11	152	singular		pictograph			elephant; image
车	che1	4	159	singular		pictograph			car; vehicle
必	bi4	5	61	singular		simple_indicative			must
建	jian4	8	54	semi_enclosure_bottom_left	廴,聿	phono_semantic	廴	聿	build
立	li4	5	117	singular		pictograph			stand; set up
马	ma3	3	187	singular		pictograph			horse
界	jie4	9	102	top_bottom	田,介	phono_semantic	田	介	boundary
城	cheng2	9	32	left_right	土,成	phono_semantic	土	成	city; wall
量	liang4	12	166	top_bottom	旦,里	compound_indicative			amount; measure
空	kong1	8	116	top_bottom	穴,工	phono_semantic	穴	工	empty; sky
带	dai4	9	50	top_bottom	带,巾	compound_indicative			belt; bring
半	ban4	5	24	singular		simple_indicative			half
门	men2	3	169	singular		pictograph			door; gate
住	zhu4	7	9	left_right	亻,主	phono_semantic	亻	主	live; stay
即	ji2	7	26	left_right	卩,艮	compound_indicative			immediately
东	dong1	5	75	singular		pictograph			east
令	ling4	5	9	top_bottom	人,卩	compound_indicative			order; command
石	shi2	5	112	singular		pictograph			stone; rock
难	nan2	10	172	left_right	又,隹	phono_semantic	隹	又	difficult
色	se4	6	139	top_bottom	⺈,巴	compound_indicative			color
决	jue2	6	85	left_right	氵,夬	phono_semantic	氵	夬	decide
代	dai4	5	9	left_right	亻,弋	phono_semantic	亻	弋	generation; era
资	zi1	10	154	top_bottom	次,贝	phono_semantic	贝	次	resources
取	qu3	8	29	left_right	耳,又	compound_indicative			take; get
社	she4	7	113	left_right	礻,土	phono_semantic	礻	土	society
程	cheng2	12	115	left_right	禾,呈	phono_semantic	禾	呈	procedure
列	lie4	6	18	left_right	歹,刂	phono_semantic	歹	刂	list; row
花	hua1	7	140	top_bottom	艹,化	phono_semantic	艹	化	flower
单	dan1	8	25	singular		pictograph			single; list
治	zhi4	8	85	left_right	氵,台	phono_semantic	氵	台	govern; cure
切	qie1	4	18	left_right	七,刀	phono_semantic	刀	七	cut; all
放	fang4	8	66	left_right	方,攵	phono_semantic	攵	方	put; release
队	dui4	4	170	left_right	阝,人	phono_semantic	阝	人	team; line
安	an1	6	40	top_bottom	宀,女	compound_indicative			peace; safe
今	jin1	4	9	top_bottom	人,𠃌	compound_indicative			today; now
金	jin1	8	167	singular		pictograph			gold; metal
由	you2	5	102	singular		pictograph			from; by
军	jun1	6	14	top_bottom	冖,车	compound_indicative			army
集	ji2	12	172	top_bottom	隹,木	compound_indicative			gather; collect
管	guan3	14	118	top_bottom	⺮,官	phono_semantic	⺮	官	manage; pipe
书	shu1	4	73	singular		pictograph			book
段	duan4	9	79	left_right	𠂤,殳	phono_semantic	殳	𠂤	section; piece
极	ji2	7	75	left_right	木,及	phono_semantic	木	及	extreme; pole
服	fu2	8	74	left_right	月,服	phono_semantic	月	服	clothes; serve
研	yan2	9	112	left_right	石,开	phono_semantic	石	开	research
究	jiu1	7	116	top_bottom	穴,九	phono_semantic	穴	九	investigate
选	xuan3	9	162	semi_enclosure_bottom_left	辶,先	phono_semantic	辶	先	select; elect
足	zu2	7	157	singular		pictograph			foot; enough
张	zhang1	7	57	left_right	弓,长	phono_semantic	弓	长	stretch; sheet
美	mei3	9	123	top_bottom	羊,大	compound_indicative			beautiful
术	shu4	5	75	singular		pictograph			art; technique
便	bian4	9	9	left_right	亻,更	phono_semantic	亻	更	convenient
设	she4	6	149	left_right	讠,殳	phono_semantic	讠	殳	set up; design
导	dao3	6	41	top_bottom	巳,寸	phono_semantic	寸	道	guide; lead
员	yuan2	7	30	top_bottom	口,贝	phono_semantic	贝	口	member
收	shou1	6	66	left_right	丩,攵	phono_semantic	攵	丩	receive; collect
食	shi2	9	184	singular		pictograph			food; eat
造	zao4	10	162	semi_enclosure_bottom_left	辶,告	phono_semantic	辶	告	create; make
九	jiu3	2	5	singular		pictograph			nine
育	yu4	8	130	top_bottom	亠,月	compound_indicative			nurture; educate
望	wang4	11	74	top_bottom	亡月,王	phono_semantic	月	亡	hope; gaze
济	ji4	9	85	left_right	氵,齐	phono_semantic	氵	齐	aid; economy
识	shi2	7	149	left_right	讠,只	phono_semantic	讠	只	know; recognize
算	suan4	14	118	top_bottom	⺮,算	phono_semantic	⺮	算	calculate
验	yan4	10	187	left_right	马,佥	phono_semantic	马	佥	verify; test
院	yuan4	9	170	left_right	阝,完	phono_semantic	阝	完	courtyard
备	bei4	8	34	top_bottom	夂,田	compound_indicative			prepare; equip
响	xiang3	9	30	left_right	口,向	phono_semantic	口	向	sound; echo
米	mi3	6	119	singular		pictograph			rice
须	xu1	9	181	left_right	彡,页	phono_semantic	页	彡	must; beard
级	ji2	6	120	left_right	纟,及	phono_semantic	纟	及	grade; level
议	yi4	5	149	left_right	讠,义	phono_semantic	讠	义	discuss
局	ju2	7	44	semi_enclosure_upper_left	尸,句	phono_semantic	尸	句	bureau; game
类	lei4	9	181	top_bottom	米,大	phono_semantic	米	大	kind; type
结	jie2	9	120	left_right	纟,吉	phono_semantic	纟	吉	tie; result
视	shi4	8	147	left_right	礻,见	phono_semantic	礻	见	look; regard
存	cun2	6	39	semi_enclosure_upper_left	才,子	phono_semantic	子	才	exist; store
林	lin2	8	75	left_right	木,木	compound_indicative			forest
达	da2	6	162	semi_enclosure_bottom_left	辶,大	phono_semantic	辶	大	reach; achieve
称	cheng1	10	115	left_right	禾,尔	phono_semantic	禾	尔	call; weigh
落	luo4	12	140	top_bottom	艹,洛	phono_semantic	艹	洛	fall; drop
价	jia4	6	9	left_right	亻,介	phono_semantic	亻	介	price; value
团	tuan2	6	31	full_enclosure	囗,才	phono_semantic	囗	才	group; ball
参	can1	8	28	top_bottom	厶,大彡	compound_indicative			participate
火	huo3	4	86	singular		pictograph			fire
神	shen2	9	113	left_right	礻,申	phono_semantic	礻	申	god; spirit
技	ji4	7	64	left_right	扌,支	phono_semantic	扌	支	skill; technique
办	ban4	4	19	singular		compound_indicative			handle; do
规	gui1	8	147	left_right	夫,见	phono_semantic	见	夫	rule; plan
调	diao4	10	149	left_right	讠,周	phono_semantic	讠	周	adjust; tone
整	zheng3	16	66	top_bottom	敕束,正	phono_semantic	攵	正	whole; arrange
深	shen1	11	85	left_right	氵,罙	phono_semantic	氵	罙	deep
际	ji4	7	170	left_right	阝,示	phono_semantic	阝	示	occasion; border
器	qi4	16	30	top_bottom	口口犬,口口	compound_indicative			device; vessel
准	zhun3	10	15	left_right	冫,隹	phono_semantic	冫	隹	allow; standard
示	shi4	5	113	singular		pictograph			show; indicate
复	fu4	9	34	top_bottom	𠂢,日夂	compound_indicative			again; return
克	ke4	7	10	top_bottom	十,儿	compound_indicative			overcome; gram
确	que4	12	112	left_right	石,角	phono_semantic	石	角	sure; indeed
则	ze2	6	18	left_right	贝,刂	compound_indicative			then; rule
展	zhan3	10	44	semi_enclosure_upper_left	尸,展	compound_indicative			expand; show
争	zheng1	6	87	singular		compound_indicative			compete; fight
斯	si1	12	69	left_right	其,斤	phono_semantic	斤	其	this (literary)
观	guan1	6	147	left_right	又,见	phono_semantic	见	又	view; observe
包	bao1	5	20	semi_enclosure_upper_right	勹,巳	compound_indicative			wrap; bag
像	xiang4	13	9	left_right	亻,象	phono_semantic	亻	象	resemble; image
传	chuan2	6	9	left_right	亻,专	phono_semantic	亻	专	pass on; spread
注	zhu4	8	85	left_right	氵,主	phono_semantic	氵	主	note; pour
组	zu3	8	120	left_right	纟,且	phono_semantic	纟	且	group; organize
格	ge2	10	75	left_right	木,各	phono_semantic	木	各	standard; grid
领	ling3	8	181	left_right	令,页	phono_semantic	页	令	lead; collar
品	pin3	9	30	mosaic	口	compound_indicative			product; grade
南	nan2	9	24	singular		pictograph			south
言	yan2	7	149	singular		pictograph			speech; word
离	li2	10	114	singular		compound_indicative			leave; separate
容	rong2	10	40	top_bottom	宀,谷	phono_semantic	宀	谷	contain; face
料	liao4	10	68	left_right	米,斗	compound_indicative			material
且	qie3	5	1	singular		pictograph			and; moreover
非	fei1	8	175	singular		pictograph			not; wrong
连	lian2	7	162	semi_enclosure_bottom_left	辶,车	phono_semantic	辶	车	connect; even
按	an4	9	64	left_right	扌,安	phono_semantic	扌	安	press; according
护	hu4	7	64	left_right	扌,户	phono_semantic	扌	户	protect; guard
除	chu2	9	170	left_right	阝,余	phono_semantic	阝	余	remove; except
般	ban1	10	137	left_right	舟,殳	phono_semantic	舟	殳	sort; kind
速	su4	10	162	semi_enclosure_bottom_left	辶,束	phono_semantic	辶	束	speed; fast
快	kuai4	7	61	left_right	忄,夬	phono_semantic	忄	夬	fast; happy
况	kuang4	7	85	left_right	氵,兄	phono_semantic	氵	兄	situation
强	qiang2	12	57	left_right	弓,虽	phono_semantic	弓	虽	strong
构	gou4	8	75	left_right	木,勾	phono_semantic	木	勾	construct
党	dang3	10	10	top_bottom	⺌,兄	compound_indicative			party
州	zhou1	6	47	singular		pictograph			state; province
二	er4	2	7	singular		simple_indicative			two
约	yue1	6	120	left_right	纟,勺	phono_semantic	纟	勺	about; promise
持	chi2	9	64	left_right	扌,寺	phono_semantic	扌	寺	hold; maintain
县	xian4	7	109	top_bottom	且,厶	compound_indicative			county
志	zhi4	7	61	top_bottom	士,心	phono_semantic	心	士	will; aspire
音	yin1	9	180	singular		compound_indicative			sound; music
基	ji1	11	32	top_bottom	其,土	phono_semantic	土	其	base; basic
型	xing2	9	32	left_right	刑,土	phono_semantic	土	刑	type; model
支	zhi1	4	65	singular		compound_indicative			support; branch
增	zeng1	15	32	left_right	土,曾	phono_semantic	土	曾	increase
委	wei3	8	38	top_bottom	禾,女	compound_indicative			entrust
区	qu1	4	23	semi_enclosure_left_three	匚,㐅	compound_indicative			area; district
河	he2	8	85	left_right	氵,可	phono_semantic	氵	可	river
千	qian1	3	24	singular		simple_indicative			thousand
亲	qin1	9	8	top_bottom	立,木	compound_indicative			parent; close
角	jiao3	7	148	singular		pictograph			horn; angle
七	qi1	2	1	singular		simple_indicative			seven
据	ju4	11	64	left_right	扌,居	phono_semantic	扌	居	according to
片	pian4	4	91	singular		pictograph			piece; slice
边	bian1	5	162	semi_enclosure_bottom_left	辶,力	phono_semantic	辶	力	side; edge
近	jin4	7	162	semi_enclosure_bottom_left	辶,斤	phono_semantic	辶	斤	near; close
织	zhi1	8	120	left_right	纟,只	phono_semantic	纟	只	weave; organize
往	wang3	8	60	left_right	彳,王	phono_semantic	彳	王	go; toward
古	gu3	5	30	top_bottom	十,口	compound_indicative			ancient; old
广	guang3	3	53	singular		pictograph			wide; broad
影	ying3	15	59	left_right	景,彡	phono_semantic	彡	景	shadow; film
居	ju1	8	44	semi_enclosure_upper_left	尸,古	phono_semantic	尸	古	live; reside
座	zuo4	10	53	semi_enclosure_upper_left	广,坐	phono_semantic	广	坐	seat; place
飞	fei1	3	183	singular		pictograph			fly
另	ling4	5	30	top_bottom	口,力	compound_indicative			other; another
态	tai4	8	61	top_bottom	太,心	phono_semantic	心	太	state; manner
留	liu2	10	102	top_bottom	卯,田	phono_semantic	田	卯	stay; keep
适	shi4	9	162	semi_enclosure_bottom_left	辶,括	phono_semantic	辶	括	suitable; fit
拉	la1	8	64	left_right	扌,立	phono_semantic	扌	立	pull; drag
联	lian2	12	128	left_right	耳,关	phono_semantic	耳	关	unite; connect
终	zhong1	8	120	left_right	纟,冬	phono_semantic	纟	冬	end; final
故	gu4	9	66	left_right	古,攵	phono_semantic	攵	古	reason; old
师	shi1	6	50	left_right	帅,巾	compound_indicative			teacher; master
青	qing1	8	174	top_bottom	龶,月	compound_indicative			green; blue
清	qing1	11	85	left_right	氵,青	phono_semantic	氵	青	clear; clean
早	zao3	6	72	top_bottom	日,十	compound_indicative			early; morning
夫	fu1	4	37	singular		simple_indicative			man; husband
步	bu4	7	77	top_bottom	止,少	compound_indicative			step; walk
号	hao4	5	30	top_bottom	口,丂	phono_semantic	口	丂	number; mark
较	jiao4	10	159	left_right	车,交	phono_semantic	车	交	compare; rather
六	liu4	4	12	singular		simple_indicative			six
帮	bang1	9	50	top_bottom	邦,巾	phono_semantic	巾	邦	help; assist
网	wang3	6	120	semi_enclosure_top_three	冂,㐅	pictograph			net; web
助	zhu4	7	19	left_right	且,力	phono_semantic	力	且	help; aid
至	zhi4	6	133	singular		pictograph			arrive; to
引	yin3	4	57	left_right	弓,丨	compound_indicative			lead; draw
德	de2	15	60	left_right	彳,惪	phono_semantic	彳	惪	virtue; morals
右	you4	5	30	top_bottom	𠂇,口	compound_indicative			right (side)
左	zuo3	5	48	top_bottom	𠂇,工	compound_indicative			left (side)
形	xing2	7	59	left_right	开,彡	phono_semantic	彡	开	shape; form
红	hong2	6	120	left_right	纟,工	phono_semantic	纟	工	red
该	gai1	8	149	left_right	讠,亥	phono_semantic	讠	亥	should; that
读	du2	10	149	left_right	讠,卖	phono_semantic	讠	卖	read
历	li4	4	27	semi_enclosure_upper_left	厂,力	phono_semantic	厂	力	history; pass
否	fou3	7	30	top_bottom	不,口	compound_indicative			no; negate
听	ting1	7	30	left_right	口,斤	phono_semantic	口	斤	listen; hear
消	xiao1	10	85	left_right	氵,肖	phono_semantic	氵	肖	eliminate; news
压	ya1	6	27	semi_enclosure_upper_left	厂,圡	phono_semantic	厂	圡	press; pressure
转	zhuan3	8	159	left_right	车,专	phono_semantic	车	专	turn; change
室	shi4	9	40	top_bottom	宀,至	phono_semantic	宀	至	room
需	xu1	14	173	top_bottom	雨,而	phono_semantic	雨	而	need; require
防	fang2	6	170	left_right	阝,方	phono_semantic	阝	方	prevent; guard
率	lv4	11	95	singular		compound_indicative			rate; lead
具	ju4	8	12	singular		compound_indicative			tool; possess
药	yao4	9	140	top_bottom	艹,约	phono_semantic	艹	约	medicine; drug
致	zhi4	10	133	left_right	至,攵	phono_semantic	攵	至	cause; send
史	shi3	5	30	singular		compound_indicative			history
状	zhuang4	7	90	left_right	丬,犬	phono_semantic	犬	丬	shape; state
王	wang2	4	96	singular		pictograph			king
拿	na2	10	64	top_bottom	合,手	compound_indicative			take; hold
土	tu3	3	32	singular		pictograph			earth; soil
图	tu2	8	31	full_enclosure	囗,冬	phono_semantic	囗	冬	picture; map
跟	gen1	13	157	left_right	足,艮	phono_semantic	足	艮	follow; with
钱	qian2	10	167	left_right	钅,戋	phono_semantic	钅	戋	money
客	ke4	9	40	top_bottom	宀,各	phono_semantic	宀	各	guest
母	mu3	5	80	singular		pictograph			mother
父	fu4	4	88	singular		pictograph			father
妈	ma1	6	38	left_right	女,马	phono_semantic	女	马	mother; mom
告	gao4	7	30	top_bottom	牛,口	compound_indicative			tell; sue
做	zuo4	11	9	left_middle_right	亻,古,攵	phono_semantic	亻	故	do; make
谢	xie4	12	149	left_middle_right	讠,身,寸	phono_semantic	讠	射	thank
微	wei1	13	60	left_middle_right	彳,山,几	phono_semantic	彳	微	tiny; micro
块	kuai4	7	32	left_right	土,夬	phono_semantic	土	夬	piece; chunk
每	mei3	7	80	top_bottom	𠂉,母	compound_indicative			every; each
风	feng1	4	182	singular		pictograph			wind
词	ci2	7	149	left_right	讠,司	phono_semantic	讠	司	word; term
错	cuo4	13	167	left_right	钅,昔	phono_semantic	钅	昔	wrong; mistake
爱	ai4	10	87	top_bottom	爫冖,友	compound_indicative			love
站	zhan4	10	117	left_right	立,占	phono_semantic	立	占	stand; station
底	di3	8	53	semi_enclosure_upper_left	广,氐	phono_semantic	广	氐	bottom; base
黑	hei1	12	203	singular		pictograph			black
请	qing3	10	149	left_right	讠,青	phono_semantic	讠	青	please; invite
忽	hu1	8	61	top_bottom	勿,心	phono_semantic	心	勿	neglect; sudden
阳	yang2	6	170	left_right	阝,日	phono_semantic	阝	日	sun; positive
台	tai2	5	30	top_bottom	厶,口	phono_semantic	口	厶	platform
夜	ye4	8	36	top_bottom	亠,亻夂	compound_indicative			night
推	tui1	11	64	left_right	扌,隹	phono_semantic	扌	隹	push
才	cai2	3	64	singular		pictograph			talent; just
共	gong4	6	12	top_bottom	廾,一	compound_indicative			together; common
双	shuang1	4	29	left_right	又,又	compound_indicative			double; pair
哪	na3	9	30	left_right	口,那	phono_semantic	口	那	which; where
呢	ne5	8	30	left_right	口,尼	phono_semantic	口	尼	modal particle
吗	ma5	6	30	left_right	口,马	phono_semantic	口	马	question particle
啊	a1	10	30	left_right	口,阿	phono_semantic	口	阿	exclamation
吃	chi1	6	30	left_right	口,乞	phono_semantic	口	乞	eat
喝	he1	12	30	left_right	口,曷	phono_semantic	口	曷	drink
穿	chuan1	9	116	top_bottom	穴,牙	compound_indicative			wear; through
黄	huang2	11	201	singular		pictograph			yellow
病	bing4	10	104	semi_enclosure_upper_left	疒,丙	phono_semantic	疒	丙	ill; disease
画	hua4	8	102	singular		compound_indicative			draw; painting
跑	pao3	12	157	left_right	足,包	phono_semantic	足	包	run
眼	yan3	11	109	left_right	目,艮	phono_semantic	目	艮	eye
脸	lian3	11	130	left_right	月,佥	phono_semantic	月	佥	face
忙	mang2	6	61	left_right	忄,亡	phono_semantic	忄	亡	busy
累	lei4	11	120	top_bottom	田,糸	compound_indicative			tired; pile up
脚	jiao3	11	130	left_right	月,却	phono_semantic	月	却	foot; leg
绿	lv4	11	120	left_right	纟,录	phono_semantic	纟	录	green
弟	di4	7	57	singular		compound_indicative			younger brother
姐	jie3	8	38	left_right	女,且	phono_semantic	女	且	older sister
哥	ge1	10	30	top_bottom	可,可	compound_indicative			older brother
猫	mao1	11	94	left_right	犭,苗	phono_semantic	犭	苗	cat
狗	gou3	8	94	left_right	犭,句	phono_semantic	犭	句	dog
鱼	yu2	8	195	singular		pictograph			fish
鸟	niao3	5	196	singular		pictograph			bird
菜	cai4	11	140	top_bottom	艹,采	phono_semantic	艹	采	vegetable
茶	cha2	9	140	top_bottom	艹,余	phono_semantic	艹	余	tea
杯	bei1	8	75	left_right	木,不	phono_semantic	木	不	cup
房	fang2	8	63	semi_enclosure_upper_left	户,方	phono_semantic	户	方	room; house
桌	zhuo1	10	75	top_bottom	卜日,木	compound_indicative			table; desk
椅	yi3	12	75	left_right	木,奇	phono_semantic	木	奇	chair
床	chuang2	7	53	semi_enclosure_upper_left	广,木	phono_semantic	广	木	bed
窗	chuang1	12	116	top_bottom	穴,囱	phono_semantic	穴	囱	window
纸	zhi3	7	120	left_right	纟,氏	phono_semantic	纟	氏	paper
雪	xue3	11	173	top_bottom	雨,彐	compound_indicative			snow
晴	qing2	12	72	left_right	日,青	phono_semantic	日	青	clear (weather)
哭	ku1	10	30	top_bottom	口口,犬	compound_indicative			cry
笔	bi3	10	118	top_bottom	⺮,毛	compound_indicative			pen; brush
船	chuan2	11	137	left_right	舟,㕣	phono_semantic	舟	㕣	ship; boat
危	wei1	6	26	top_bottom	⺈,厄	compound_indicative			danger
洗	xi3	9	85	left_right	氵,先	phono_semantic	氵	先	wash
园	yuan2	7	31	full_enclosure	囗,元	phono_semantic	囗	元	garden; park
馆	guan3	11	184	left_right	饣,官	phono_semantic	饣	官	building; hall
考	kao3	6	125	singular		pictograph			test; examine
试	shi4	8	149	left_right	讠,式	phono_semantic	讠	式	try; test
铁	tie3	10	167	left_right	钅,失	phono_semantic	钅	失	iron
银	yin2	11	167	left_right	钅,艮	phono_semantic	钅	艮	silver
阴	yin1	6	170	left_right	阝,月	phono_semantic	阝	月	cloudy; dark
温	wen1	12	85	left_right	氵,昷	phono_semantic	氵	昷	warm
度	du4	9	53	semi_enclosure_upper_left	广,廿又	phono_semantic	广	度	degree; measure
刚	gang1	6	18	left_right	冈,刂	phono_semantic	刂	冈	just now; firm
差	cha4	9	48	top_bottom	羊,工	compound_indicative			differ; poor
息	xi1	10	61	top_bottom	自,心	phono_semantic	心	自	rest; breath
照	zhao4	13	86	top_bottom	昭,灬	phono_semantic	灬	昭	shine; photo
换	huan4	10	64	left_right	扌,奂	phono_semantic	扌	奂	exchange
烧	shao1	10	86	left_right	火,尧	phono_semantic	火	尧	burn; cook
鲜	xian1	14	195	left_right	鱼,羊	compound_indicative			fresh
遍	bian4	12	162	semi_enclosure_bottom_left	辶,扁	phono_semantic	辶	扁	everywhere
弄	nong4	7	55	top_bottom	王,廾	compound_indicative			play; handle
树	shu4	9	75	left_right	木,对	phono_semantic	木	对	tree
楼	lou2	13	75	left_right	木,娄	phono_semantic	木	娄	floor; building
冷	leng3	7	15	left_right	冫,令	phono_semantic	冫	令	cold
肉	rou4	6	130	singular		pictograph			meat
牛	niu2	4	93	singular		pictograph			cow; ox
羊	yang2	6	123	singular		pictograph			sheep; goat
鸡	ji1	7	196	left_right	又,鸟	phono_semantic	鸟	又	chicken
蛋	dan4	11	142	top_bottom	疋,虫	phono_semantic	虫	疋	egg
奶	nai3	5	38	left_right	女,乃	phono_semantic	女	乃	milk; grandma
瓶	ping2	10	98	left_right	并,瓦	phono_semantic	瓦	并	bottle
盘	pan2	11	108	top_bottom	舟,皿	phono_semantic	皿	般	plate; disc
碗	wan3	13	112	left_right	石,宛	phono_semantic	石	宛	bowl
勺	shao2	3	20	singular		pictograph			spoon
筷	kuai4	13	118	top_bottom	⺮,快	phono_semantic	⺮	快	chopstick
伞	san3	6	9	top_bottom	人,十十	compound_indicative			umbrella
裙	qun2	12	145	left_right	衤,君	phono_semantic	衤	君	skirt
裤	ku4	12	145	left_right	衤,库	phono_semantic	衤	库	pants
鞋	xie2	15	177	left_right	革,圭	phono_semantic	革	圭	shoes
帽	mao4	12	50	left_right	巾,冒	phono_semantic	巾	冒	hat; cap
袜	wa4	10	145	left_right	衤,末	phono_semantic	衤	末	socks
嘴	zui3	16	30	left_right	口,觜	phono_semantic	口	觜	mouth; beak
耳	er3	6	128	singular		pictograph			ear
鼻	bi2	14	209	singular		pictograph			nose
牙	ya2	4	92	singular		pictograph			tooth
腿	tui3	13	130	left_right	月,退	phono_semantic	月	退	leg
肚	du4	7	130	left_right	月,土	phono_semantic	月	土	belly
背	bei4	9	130	top_bottom	北,月	phono_semantic	月	北	back; carry
脑	nao3	10	130	left_right	月,㐬	phono_semantic	月	㐬	brain
节	jie2	5	140	top_bottom	艹,卩	compound_indicative			festival; joint
胖	pang4	9	130	left_right	月,半	phono_semantic	月	半	fat; plump
瘦	shou4	14	104	semi_enclosure_upper_left	疒,叟	phono_semantic	疒	叟	thin; lean
矮	ai3	13	111	left_right	矢,委	phono_semantic	矢	委	short (height)
静	jing4	14	174	left_right	青,争	phono_semantic	青	争	quiet; still
懒	lan3	16	61	left_right	忄,赖	phono_semantic	忄	赖	lazy
聪	cong1	15	128	left_right	耳,总	phono_semantic	耳	总	clever; smart
冬	dong1	5	15	top_bottom	夂,冫	compound_indicative			winter
春	chun1	9	72	top_bottom	春,日	compound_indicative			spring
夏	xia4	10	35	singular		pictograph			summer
秋	qiu1	9	115	left_right	禾,火	compound_indicative			autumn; fall
晚	wan3	11	72	left_right	日,免	phono_semantic	日	免	evening; late
午	wu3	4	24	singular		pictograph			noon
刻	ke4	8	18	left_right	亥,刂	phono_semantic	刂	亥	quarter; carve
钟	zhong1	9	167	left_right	钅,中	phono_semantic	钅	中	clock; bell
秒	miao3	9	115	left_right	禾,少	phono_semantic	禾	少	second (time)
份	fen4	6	9	left_right	亻,分	phono_semantic	亻	分	portion; copy
周	zhou1	8	30	singular		compound_indicative			week; circle
末	mo4	5	75	singular		simple_indicative			end; tip
虽	sui1	9	142	singular		compound_indicative			although
乐	le4	5	4	singular		pictograph			happy; music
初	chu1	7	18	left_right	衤,刀	compound_indicative			first; initial
附	fu4	7	170	left_right	阝,付	phono_semantic	阝	付	attach; near
松	song1	8	75	left_right	木,公	phono_semantic	木	公	pine; loose
脏	zang4	10	130	left_right	月,庄	phono_semantic	月	庄	dirty; organ
穷	qiong2	7	116	top_bottom	穴,力	phono_semantic	穴	力	poor
幸	xing4	8	51	singular		compound_indicative			lucky; fortune
困	kun4	7	31	full_enclosure	囗,木	compound_indicative			sleepy; trapped
惊	jing1	11	61	left_right	忄,京	phono_semantic	忄	京	surprise; shock
害	hai4	10	40	top_bottom	宀,丰口	compound_indicative			harm; afraid
怕	pa4	8	61	left_right	忄,白	phono_semantic	忄	白	fear; afraid
担	dan1	8	64	left_right	扌,旦	phono_semantic	扌	旦	carry; worry
满	man3	13	85	left_right	氵,满	phono_semantic	氵	满	full; satisfy
饱	bao3	8	184	left_right	饣,包	phono_semantic	饣	包	full (stomach)
饿	e4	10	184	left_right	饣,我	phono_semantic	饣	我	hungry
渴	ke3	12	85	left_right	氵,曷	phono_semantic	氵	曷	thirsty
举	ju3	9	3	top_bottom	兴,手	compound_indicative			lift; raise
赢	ying2	17	154	top_bottom	亡口月,贝凡	compound_indicative			win
输	shu1	16	159	left_right	车,俞	phono_semantic	车	俞	lose; transport
邮	you2	7	163	left_right	由,阝	phono_semantic	阝	由	mail; post
贴	tie1	9	154	left_right	贝,占	phono_semantic	贝	占	paste; close
超	chao1	12	156	semi_enclosure_bottom_left	走,召	phono_semantic	走	召	super; exceed
签	qian1	13	118	top_bottom	⺮,佥	phono_semantic	⺮	佥	sign; label
乘	cheng2	10	4	singular		compound_indicative			ride; multiply
租	zu1	10	115	left_right	禾,且	phono_semantic	禾	且	rent
环	huan2	8	96	left_right	王,不	phono_semantic	王	不	ring; surround
境	jing4	14	32	left_right	土,竟	phono_semantic	土	竟	boundary; state
污	wu1	6	85	left_right	氵,亏	phono_semantic	氵	亏	dirty; pollute
染	ran3	9	75	top_bottom	氵九,木	compound_indicative			dye; infect
矿	kuang4	8	112	left_right	石,广	phono_semantic	石	广	mine; ore
旅	lv3	10	70	left_right	方,㫃	compound_indicative			travel; trip
游	you2	12	85	left_right	氵,斿	phono_semantic	氵	斿	swim; travel
景	jing3	12	72	top_bottom	日,京	phono_semantic	日	京	scenery; view
味	wei4	8	30	left_right	口,未	phono_semantic	口	未	taste; flavor
香	xiang1	9	186	top_bottom	禾,日	compound_indicative			fragrant
甜	tian2	11	99	left_right	甘,舌	phono_semantic	甘	舌	sweet
苦	ku3	8	140	top_bottom	艹,古	phono_semantic	艹	古	bitter
咸	xian2	9	30	singular		compound_indicative			salty
辣	la4	14	160	left_right	辛,束	phono_semantic	辛	束	spicy; hot
酸	suan1	14	164	left_right	酉,夋	phono_semantic	酉	夋	sour; acid
甘	gan1	5	99	singular		pictograph			sweet
肤	fu1	8	130	left_right	月,夫	phono_semantic	月	夫	skin
梦	meng4	11	75	top_bottom	林,夕	compound_indicative			dream
烟	yan1	10	86	left_right	火,因	phono_semantic	火	因	smoke; tobacco
酒	jiu3	10	164	left_right	氵,酉	phono_semantic	氵	酉	alcohol; wine
醉	zui4	15	164	left_right	酉,卒	phono_semantic	酉	卒	drunk
毒	du2	9	80	top_bottom	龶,母	compound_indicative			poison; toxic
警	jing3	19	149	top_bottom	敬,言	phono_semantic	言	敬	police; alert
察	cha2	14	40	top_bottom	宀,祭	phono_semantic	宀	祭	inspect; observe
抓	zhua1	7	64	left_right	扌,爪	phono_semantic	扌	爪	grab; catch
偷	tou1	11	9	left_right	亻,俞	phono_semantic	亻	俞	steal
骗	pian4	12	187	left_right	马,扁	phono_semantic	马	扁	cheat; trick
赚	zhuan4	14	154	left_right	贝,兼	phono_semantic	贝	兼	earn; profit
赔	pei2	12	154	left_right	贝,咅	phono_semantic	贝	咅	compensate
富	fu4	12	40	top_bottom	宀,畐	phono_semantic	宀	畐	rich; wealthy
贫	pin2	8	154	top_bottom	分,贝	phono_semantic	贝	分	poor
怀	huai2	7	61	left_right	忄,不	phono_semantic	忄	不	bosom; miss
疑	yi2	14	103	singular		compound_indicative			doubt; suspect
忘	wang4	7	61	top_bottom	亡,心	phono_semantic	心	亡	forget
急	ji2	9	61	top_bottom	刍,心	phono_semantic	心	刍	urgent; anxious
恨	hen4	9	61	left_right	忄,艮	phono_semantic	忄	艮	hate; regret
怪	guai4	8	61	left_right	忄,圣	phono_semantic	忄	圣	strange; blame
烦	fan2	10	86	left_right	火,页	phono_semantic	火	页	annoyed; bother
掉	diao4	11	64	left_right	扌,卓	phono_semantic	扌	卓	drop; fall
破	po4	10	112	left_right	石,皮	phono_semantic	石	皮	break; torn
修	xiu1	9	9	left_right	亻,攸	phono_semantic	亻	攸	fix; repair
搬	ban1	13	64	left_right	扌,般	phono_semantic	扌	般	move; carry
借	jie4	10	9	left_right	亻,昔	phono_semantic	亻	昔	borrow; lend
戴	dai4	17	62	singular		compound_indicative			wear (hat)
冒	mao4	9	13	top_bottom	冃,目	compound_indicative			emit; risk
谈	tan2	10	149	left_right	讠,炎	phono_semantic	讠	炎	talk; discuss
骑	qi2	11	187	left_right	马,奇	phono_semantic	马	奇	ride (horse)
摔	shuai1	14	64	left_right	扌,率	phono_semantic	扌	率	fall; throw
粗	cu1	11	119	left_right	米,且	phono_semantic	米	且	thick; rough
细	xi4	8	120	left_right	纟,田	phono_semantic	纟	田	thin; fine
糖	tang2	16	119	left_right	米,唐	phono_semantic	米	唐	sugar; candy
盐	yan2	10	108	top_bottom	卤,皿	compound_indicative			salt
油	you2	8	85	left_right	氵,由	phono_semantic	氵	由	oil
醋	cu4	15	164	left_right	酉,昔	phono_semantic	酉	昔	vinegar
酱	jiang4	13	164	top_bottom	将,酉	phono_semantic	酉	将	sauce; paste
闻	wen2	9	169	semi_enclosure_top_three	门,耳	compound_indicative			smell; hear
摸	mo1	13	64	left_right	扌,莫	phono_semantic	扌	莫	touch; feel
踢	ti1	15	157	left_right	足,易	phono_semantic	足	易	kick
扔	reng1	5	64	left_right	扌,乃	phono_semantic	扌	乃	throw
吹	chui1	7	30	left_right	口,欠	phono_semantic	口	欠	blow
弹	tan2	11	57	left_right	弓,单	phono_semantic	弓	单	play; bounce
抱	bao4	8	64	left_right	扌,包	phono_semantic	扌	包	hug; hold
握	wo4	12	64	left_right	扌,屋	phono_semantic	扌	屋	grip; hold
挂	gua4	9	64	left_right	扌,卦	phono_semantic	扌	卦	hang; call
翻	fan1	18	124	left_right	番,羽	phono_semantic	羽	番	turn over; flip
植	zhi2	12	75	left_right	木,直	phono_semantic	木	直	plant; grow
乱	luan4	7	5	left_right	舌,乚	compound_indicative			chaotic; mess
挤	ji3	9	64	left_right	扌,齐	phono_semantic	扌	齐	squeeze; crowd
秘	mi4	10	115	left_right	禾,必	phono_semantic	禾	必	secret
密	mi4	11	40	top_bottom	宀,必山	phono_semantic	宀	必	dense; secret
巨	ju4	4	48	singular		pictograph			huge; giant
奇	qi2	8	37	top_bottom	大,可	phono_semantic	大	可	strange; wonder
丰	feng1	4	2	singular		pictograph			abundant; rich
遗	yi2	12	162	semi_enclosure_bottom_left	辶,贵	phono_semantic	辶	贵	leave behind
仍	reng2	4	9	left_right	亻,乃	phono_semantic	亻	乃	still; yet
材	cai2	7	75	left_right	木,才	phono_semantic	木	才	material
续	xu4	11	120	left_right	纟,卖	phono_semantic	纟	卖	continue
积	ji1	10	115	left_right	禾,只	phono_semantic	禾	只	accumulate
余	yu2	7	9	top_bottom	人,朩	compound_indicative			surplus; remain
获	huo4	10	94	top_bottom	艹,获	phono_semantic	犭	获	gain; harvest
维	wei2	11	120	left_right	纟,隹	phono_semantic	纟	隹	maintain; fiber
刺	ci4	8	18	left_right	朿,刂	phono_semantic	刂	朿	thorn; stab
激	ji1	16	85	left_right	氵,敫	phono_semantic	氵	敫	excite; fierce
顾	gu4	10	181	left_right	雇,页	phono_semantic	页	雇	look after
虑	lv4	10	141	semi_enclosure_upper_left	虍,思	phono_semantic	虍	思	worry; consider
仅	jin3	4	9	left_right	亻,又	phono_semantic	亻	又	only; merely
范	fan4	8	140	top_bottom	艹,范	phono_semantic	艹	范	model; scope
围	wei2	7	31	full_enclosure	囗,韦	phono_semantic	囗	韦	surround
端	duan1	14	117	left_right	立,耑	phono_semantic	立	耑	end; proper
忆	yi4	4	61	left_right	忄,乙	phono_semantic	忄	乙	remember
供	gong1	8	9	left_right	亻,共	phono_semantic	亻	共	supply; offer
陈	chen2	7	170	left_right	阝,东	phono_semantic	阝	东	display; stale
货	huo4	8	154	top_bottom	化,贝	phono_semantic	贝	化	goods; cargo
副	fu4	11	18	left_right	畐,刂	phono_semantic	刂	畐	deputy; pair
功	gong1	5	19	left_right	工,力	phono_semantic	力	工	merit; skill
败	bai4	8	154	left_right	贝,攵	compound_indicative			defeat; fail
弱	ruo4	10	57	left_right	弓,弓	compound_indicative			weak
评	ping2	7	149	left_right	讠,平	phono_semantic	讠	平	comment; review
估	gu1	7	9	left_right	亻,古	phono_semantic	亻	古	estimate
刊	kan1	5	18	left_right	干,刂	phono_semantic	刂	干	publish; print
释	shi4	12	165	left_right	釆,睪	phono_semantic	釆	睪	release; explain
宣	xuan1	9	40	top_bottom	宀,亘	phono_semantic	宀	亘	declare; spread
限	xian4	8	170	left_right	阝,艮	phono_semantic	阝	艮	limit; restrict
依	yi1	8	9	left_right	亻,衣	phono_semantic	亻	衣	depend; according
陆	lu4	7	170	left_right	阝,击	phono_semantic	阝	击	land; six
夺	duo2	6	37	top_bottom	大,寸	compound_indicative			seize; compete
控	kong4	11	64	left_right	扌,空	phono_semantic	扌	空	control
免	mian3	7	10	singular		pictograph			avoid; free
占	zhan4	5	25	top_bottom	卜,口	compound_indicative			occupy
善	shan4	12	30	top_bottom	羊,口口	compound_indicative			good; kind
暗	an4	13	72	left_right	日,音	phono_semantic	日	音	dark; hidden
冰	bing1	6	15	left_right	冫,水	phono_semantic	冫	水	ice
降	jiang4	8	170	left_right	阝,夅	compound_indicative			descend; drop
征	zheng1	8	60	left_right	彳,正	phono_semantic	彳	正	journey; levy
永	yong3	5	85	singular		pictograph			forever
雨	yu3	8	173	singular		pictograph			rain
倒	dao3	10	9	left_right	亻,到	phono_semantic	亻	到	fall; pour
散	san4	12	66	left_right	散,攵	compound_indicative			scatter
某	mou3	9	75	top_bottom	甘,木	compound_indicative			certain; some
梅	mei2	11	75	left_right	木,每	phono_semantic	木	每	plum
晨	chen2	11	72	top_bottom	日,辰	phono_semantic	日	辰	morning; dawn
忍	ren3	7	61	top_bottom	刃,心	phono_semantic	心	刃	endure; bear
恐	kong3	10	61	top_bottom	巩,心	phono_semantic	心	巩	fear; terror
丝	si1	5	120	singular		pictograph			silk; thread
柔	rou2	9	75	top_bottom	矛,木	compound_indicative			soft; gentle
坚	jian1	7	32	top_bottom	臤,土	phono_semantic	土	臤	hard; firm
核	he2	10	75	left_right	木,亥	phono_semantic	木	亥	core; nuclear
载	zai4	10	159	semi_enclosure_bottom_left	车,栽	phono_semantic	车	栽	carry; record
陷	xian4	10	170	left_right	阝,臽	phono_semantic	阝	臽	trap; fall into
迹	ji4	9	162	semi_enclosure_bottom_left	辶,亦	phono_semantic	辶	亦	trace; mark
痛	tong4	12	104	semi_enclosure_upper_left	疒,甬	phono_semantic	疒	甬	pain; ache
惜	xi1	11	61	left_right	忄,昔	phono_semantic	忄	昔	pity; cherish
裂	lie4	12	145	top_bottom	列,衣	phono_semantic	衣	列	split; crack
抢	qiang3	7	64	left_right	扌,仓	phono_semantic	扌	仓	grab; rob
朝	chao2	12	74	left_right	龺,月	phono_semantic	月	龺	dynasty; toward
退	tui4	9	162	semi_enclosure_bottom_left	辶,退	compound_indicative			retreat; return
促	cu4	9	9	left_right	亻,足	phono_semantic	亻	足	urge; promote
叶	ye4	5	30	left_right	口,十	phono_semantic	口	十	leaf
援	yuan2	12	64	left_right	扌,爰	phono_semantic	扌	爰	aid; rescue
予	yu3	4	6	singular		pictograph			give; grant
弃	qi4	7	55	top_bottom	亠,弃	compound_indicative			abandon
震	zhen4	15	173	top_bottom	雨,辰	phono_semantic	雨	辰	shake; shock
献	xian4	13	94	left_right	南,犬	compound_indicative			offer; dedicate
厚	hou4	9	27	semi_enclosure_upper_left	厂,㫗	compound_indicative			thick; generous
替	ti4	12	73	top_bottom	夫夫,日	compound_indicative			replace; for
伙	huo3	6	9	left_right	亻,火	phono_semantic	亻	火	partner; guy
陪	pei2	10	170	left_right	阝,咅	phono_semantic	阝	咅	accompany
互	hu4	4	7	singular		pictograph			mutual
岁	sui4	6	46	top_bottom	山,夕	compound_indicative			age; year
趣	qu4	15	156	semi_enclosure_bottom_left	走,取	phono_semantic	走	取	interest; fun
符	fu2	11	118	top_bottom	⺮,付	phono_semantic	⺮	付	symbol; tally
纪	ji4	6	120	left_right	纟,己	phono_semantic	纟	己	era; record
拥	yong1	8	64	left_right	扌,用	phono_semantic	扌	用	embrace; own
夸	kua1	6	37	top_bottom	大,亏	compound_indicative			boast; praise
尽	jin4	6	44	singular		compound_indicative			exhaust; all
势	shi4	8	19	top_bottom	执,力	phono_semantic	力	执	power; trend
层	ceng2	7	44	semi_enclosure_upper_left	尸,云	phono_semantic	尸	云	layer; floor
付	fu4	5	9	left_right	亻,寸	phono_semantic	亻	寸	pay
诉	su4	7	149	left_right	讠,斥	phono_semantic	讠	斥	tell; accuse
措	cuo4	11	64	left_right	扌,昔	phono_semantic	扌	昔	measure; step
责	ze2	8	154	top_bottom	龶,贝	compound_indicative			duty; blame
概	gai4	13	75	left_right	木,既	phono_semantic	木	既	general; rough
素	su4	10	120	top_bottom	龶,糸	compound_indicative			element; plain
绝	jue2	9	120	left_right	纟,色	phono_semantic	纟	色	sever; absolute
授	shou4	11	64	left_right	扌,受	phono_semantic	扌	受	grant; teach
抵	di3	8	64	left_right	扌,氐	phono_semantic	扌	氐	resist; arrive
描	miao2	11	64	left_right	扌,苗	phono_semantic	扌	苗	depict; trace
测	ce4	9	85	left_right	氵,则	phono_semantic	氵	则	measure; test
临	lin2	9	131	singular		compound_indicative			approach; face
跳	tiao4	13	157	left_right	足,兆	phono_semantic	足	兆	jump; skip
普	pu3	12	72	top_bottom	并,日	phono_semantic	日	并	universal
预	yu4	10	181	left_right	予,页	phono_semantic	页	予	in advance
严	yan2	7	1	singular		compound_indicative			strict; severe
亿	yi4	3	9	left_right	亻,乙	phono_semantic	亻	乙	hundred million
移	yi2	11	115	left_right	禾,多	phono_semantic	禾	多	move; shift
庆	qing4	6	53	semi_enclosure_upper_left	广,大	phono_semantic	广	大	celebrate
延	yan2	7	54	semi_enclosure_bottom_left	廴,丹	phono_semantic	廴	丹	extend; delay
践	jian4	12	157	left_right	足,戋	phono_semantic	足	戋	practice; step
略	lve4	11	102	left_right	田,各	phono_semantic	田	各	brief; plan
标	biao1	9	75	left_right	木,示	phono_semantic	木	示	mark; sign
施	shi1	9	70	left_right	方,也	phono_semantic	方	也	carry out; apply
招	zhao1	8	64	left_right	扌,召	phono_semantic	扌	召	recruit; beckon
职	zhi2	11	128	left_right	耳,只	phono_semantic	耳	只	post; duty
属	shu3	12	44	semi_enclosure_upper_left	尸,禹	phono_semantic	尸	禹	belong; genus
渐	jian4	11	85	left_right	氵,斩	phono_semantic	氵	斩	gradually
显	xian3	9	72	top_bottom	日,业	compound_indicative			apparent; show
慢	man4	14	61	left_right	忄,曼	phono_semantic	忄	曼	slow
赶	gan3	10	156	semi_enclosure_bottom_left	走,干	phono_semantic	走	干	hurry; catch up
章	zhang1	11	117	top_bottom	立,早	compound_indicative			chapter; stamp
顿	dun4	10	181	left_right	屯,页	phono_semantic	页	屯	pause; meal
洋	yang2	9	85	left_right	氵,羊	phono_semantic	氵	羊	ocean; foreign
堆	dui1	11	32	left_right	土,隹	phono_semantic	土	隹	pile; heap
执	zhi2	6	64	left_right	扌,丸	phono_semantic	扌	丸	execute; hold
闭	bi4	6	169	semi_enclosure_top_three	门,才	compound_indicative			close; shut
紧	jin3	10	120	top_bottom	臤,糸	phono_semantic	糸	臤	tight; urgent
仔	zi3	5	9	left_right	亻,子	phono_semantic	亻	子	careful; young
孤	gu1	8	39	left_right	孑,瓜	phono_semantic	孑	瓜	alone; orphan
优	you1	6	9	left_right	亻,尤	phono_semantic	亻	尤	excellent
停	ting2	11	9	left_right	亻,亭	phono_semantic	亻	亭	stop; halt
厉	li4	5	27	semi_enclosure_upper_left	厂,万	phono_semantic	厂	万	severe; fierce
耐	nai4	9	126	left_right	而,寸	compound_indicative			endure; patient
怒	nu4	9	61	top_bottom	奴,心	phono_semantic	心	奴	anger; rage
吸	xi1	6	30	left_right	口,及	phono_semantic	口	及	breathe; suck
独	du2	9	94	left_right	犭,虫	phono_semantic	犭	虫	alone; single
欲	yu4	11	76	left_right	谷,欠	phono_semantic	欠	谷	desire; want
奋	fen4	8	37	top_bottom	大,田	compound_indicative			strive; excite
申	shen1	5	102	singular		pictograph			state; apply
残	can2	9	78	left_right	歹,戋	phono_semantic	歹	戋	cruel; remain
猛	meng3	11	94	left_right	犭,孟	phono_semantic	犭	孟	fierce; bold
冲	chong1	6	85	left_right	氵,中	phono_semantic	氵	中	rush; rinse
忠	zhong1	8	61	top_bottom	中,心	phono_semantic	心	中	loyal
诚	cheng2	8	149	left_right	讠,成	phono_semantic	讠	成	sincere; honest
宝	bao3	8	40	top_bottom	宀,玉	compound_indicative			treasure
粮	liang2	13	119	left_right	米,良	phono_semantic	米	良	grain; food
模	mo2	14	75	left_right	木,莫	phono_semantic	木	莫	model; pattern
彩	cai3	11	59	left_right	采,彡	phono_semantic	彡	采	color; variety
威	wei1	9	62	singular		compound_indicative			power; prestige
逐	zhu2	10	162	semi_enclosure_bottom_left	辶,豕	compound_indicative			chase; one by one
盖	gai4	11	108	top_bottom	盍,皿	phono_semantic	皿	盍	cover; lid
宽	kuan1	10	40	top_bottom	宀,苋	phono_semantic	宀	苋	wide; broad
胜	sheng4	9	130	left_right	月,生	phono_semantic	月	生	victory; excel
启	qi3	7	30	top_bottom	户,口	compound_indicative			open; start
智	zhi4	12	72	top_bottom	知,日	phono_semantic	日	知	wisdom; smart
湖	hu2	12	85	left_right	氵,胡	phono_semantic	氵	胡	lake
纳	na4	7	120	left_right	纟,内	phono_semantic	纟	内	accept; pay
采	cai3	8	165	top_bottom	爫,木	compound_indicative			pick; gather
刘	liu2	6	18	left_right	文,刂	phono_semantic	刂	文	surname Liu
忧	you1	7	61	left_right	忄,尤	phono_semantic	忄	尤	worry; grief
均	jun1	7	32	left_right	土,匀	phono_semantic	土	匀	equal; even
额	e2	15	181	left_right	客,页	phono_semantic	页	客	forehead; sum
版	ban3	8	91	left_right	片,反	phono_semantic	片	反	edition; plate
幕	mu4	13	50	top_bottom	莫,巾	phono_semantic	巾	莫	curtain; act
抗	kang4	7	64	left_right	扌,亢	phono_semantic	扌	亢	resist; fight
域	yu4	11	32	left_right	土,或	phono_semantic	土	或	domain; area
沉	chen2	7	85	left_right	氵,冘	phono_semantic	氵	冘	sink; deep
册	ce4	5	13	singular		pictograph			book; volume
协	xie2	6	24	left_right	十,办	compound_indicative			cooperate
插	cha1	12	64	left_right	扌,臿	phono_semantic	扌	臿	insert; plug
仙	xian1	5	9	left_right	亻,山	phono_semantic	亻	山	immortal
幅	fu2	12	50	left_right	巾,畐	phono_semantic	巾	畐	width; scroll
塞	sai1	13	32	top_bottom	宀土,土	compound_indicative			stuff; block
岛	dao3	7	46	top_bottom	鸟,山	compound_indicative			island
湾	wan1	12	85	left_right	氵,弯	phono_semantic	氵	弯	bay; gulf
航	hang2	10	137	left_right	舟,亢	phono_semantic	舟	亢	navigate; fly
舞	wu3	14	136	singular		pictograph			dance
泪	lei4	8	85	left_right	氵,目	compound_indicative			tear (eye)
遭	zao1	14	162	semi_enclosure_bottom_left	辶,曹	phono_semantic	辶	曹	encounter
轻	qing1	9	159	left_right	车,巠	phono_semantic	车	巠	light (weight)
顺	shun4	9	181	left_right	川,页	phono_semantic	页	川	along; smooth
扩	kuo4	6	64	left_right	扌,广	phono_semantic	扌	广	expand; enlarge
固	gu4	8	31	full_enclosure	囗,古	phono_semantic	囗	古	solid; fixed
妇	fu4	6	38	left_right	女,彐	compound_indicative			woman; wife
宇	yu3	6	40	top_bottom	宀,于	phono_semantic	宀	于	universe; eave
宙	zhou4	8	40	top_bottom	宀,由	phono_semantic	宀	由	cosmos; time
吵	chao3	7	30	left_right	口,少	phono_semantic	口	少	noisy; quarrel
培	pei2	11	32	left_right	土,咅	phono_semantic	土	咅	cultivate; train
训	xun4	5	149	left_right	讠,川	phono_semantic	讠	川	train; lesson
练	lian4	8	120	left_right	纟,东	phono_semantic	纟	东	practice; drill
缺	que1	10	121	left_right	缶,夬	phono_semantic	缶	夬	lack; absent
充	chong1	6	10	top_bottom	亠,允	compound_indicative			fill; charge
洲	zhou1	9	85	left_right	氵,州	phono_semantic	氵	州	continent
趋	qu1	12	156	semi_enclosure_bottom_left	走,刍	phono_semantic	走	刍	tend toward
吓	xia4	6	30	left_right	口,下	phono_semantic	口	下	scare; frighten
咬	yao3	9	30	left_right	口,交	phono_semantic	口	交	bite
叹	tan4	5	30	left_right	口,又	phono_semantic	口	又	sigh
谓	wei4	11	149	left_right	讠,胃	phono_semantic	讠	胃	say; mean
值	zhi2	10	9	left_right	亻,直	phono_semantic	亻	直	value; worth
朵	duo3	6	75	top_bottom	几,木	compound_indicative			flower (mw)
株	zhu1	10	75	left_right	木,朱	phono_semantic	木	朱	tree (mw)
卫	wei4	3	144	singular		compound_indicative			guard; defend
弯	wan1	9	57	top_bottom	亦,弓	phono_semantic	弓	亦	bend; curve
抽	chou1	8	64	left_right	扌,由	phono_semantic	扌	由	draw; smoke
唱	chang4	11	30	left_right	口,昌	phono_semantic	口	昌	sing
跪	gui4	13	157	left_right	足,危	phono_semantic	足	危	kneel
尝	chang2	9	42	top_bottom	⺌,云	phono_semantic	⺌	尝	taste; try
啦	la5	11	30	left_right	口,拉	phono_semantic	口	拉	particle
吧	ba5	7	30	left_right	口,巴	phono_semantic	口	巴	particle
呀	ya5	7	30	left_right	口,牙	phono_semantic	口	牙	particle
嗯	en4	13	30	left_right	口,恩	phono_semantic	口	恩	interjection
喊	han3	12	30	left_right	口,咸	phono_semantic	口	咸	shout; yell
唤	huan4	10	30	left_right	口,奂	phono_semantic	口	奂	call; summon
吐	tu3	6	30	left_right	口,土	phono_semantic	口	土	spit; vomit
呼	hu1	8	30	left_right	口,乎	phono_semantic	口	乎	call; breathe
叔	shu1	8	29	top_bottom	上小,又	compound_indicative			uncle
婆	po2	11	38	top_bottom	波,女	phono_semantic	女	波	grandma; woman
嫂	sao3	12	38	left_right	女,叟	phono_semantic	女	叟	sister-in-law
侄	zhi2	8	9	left_right	亻,至	phono_semantic	亻	至	nephew
伯	bo2	7	9	left_right	亻,白	phono_semantic	亻	白	uncle (elder)
猪	zhu1	11	94	left_right	犭,者	phono_semantic	犭	者	pig
鹅	e2	12	196	left_right	我,鸟	phono_semantic	鸟	我	goose
鸭	ya1	10	196	left_right	甲,鸟	phono_semantic	鸟	甲	duck
蛇	she2	11	142	left_right	虫,它	phono_semantic	虫	它	snake
虎	hu3	8	141	singular		pictograph			tiger
龙	long2	5	212	singular		pictograph			dragon
兔	tu4	8	10	singular		pictograph			rabbit
猴	hou2	12	94	left_right	犭,侯	phono_semantic	犭	侯	monkey
鼠	shu3	13	208	singular		pictograph			mouse; rat
蚊	wen2	10	142	left_right	虫,文	phono_semantic	虫	文	mosquito
蝴	hu2	15	142	left_right	虫,胡	phono_semantic	虫	胡	butterfly
蝶	die2	15	142	left_right	虫,枼	phono_semantic	虫	枼	butterfly
蜂	feng1	13	142	left_right	虫,丰	phono_semantic	虫	丰	bee; wasp
蚂	ma3	9	142	left_right	虫,马	phono_semantic	虫	马	ant
蚁	yi3	9	142	left_right	虫,义	phono_semantic	虫	义	ant
草	cao3	9	140	top_bottom	艹,早	phono_semantic	艹	早	grass
竹	zhu2	6	118	singular		pictograph			bamboo
柳	liu3	9	75	left_right	木,卯	phono_semantic	木	卯	willow
桃	tao2	10	75	left_right	木,兆	phono_semantic	木	兆	peach
兰	lan2	5	140	singular		pictograph			orchid
荷	he2	10	140	top_bottom	艹,何	phono_semantic	艹	何	lotus
莲	lian2	10	140	top_bottom	艹,连	phono_semantic	艹	连	lotus
瓜	gua1	5	97	singular		pictograph			melon
桥	qiao2	10	75	left_right	木,乔	phono_semantic	木	乔	bridge
塔	ta3	12	32	left_right	土,荅	phono_semantic	土	荅	tower; pagoda
碑	bei1	13	112	left_right	石,卑	phono_semantic	石	卑	stele; tablet
遥	yao2	13	162	semi_enclosure_bottom_left	辶,摇	phono_semantic	辶	摇	remote; distant
砖	zhuan1	9	112	left_right	石,专	phono_semantic	石	专	brick
厨	chu2	12	27	semi_enclosure_upper_left	厂,豆寸	phono_semantic	厂	尌	kitchen
厕	ce4	8	27	semi_enclosure_upper_left	厂,则	phono_semantic	厂	则	toilet
阶	jie1	6	170	left_right	阝,介	phono_semantic	阝	介	step; rank
梯	ti1	11	75	left_right	木,弟	phono_semantic	木	弟	ladder; stairs
墙	qiang2	14	32	left_right	土,啬	phono_semantic	土	啬	wall
顶	ding3	8	181	left_right	丁,页	phono_semantic	页	丁	top; peak
阁	ge2	9	169	semi_enclosure_top_three	门,各	phono_semantic	门	各	pavilion; cabinet
厅	ting1	4	27	semi_enclosure_upper_left	厂,丁	phono_semantic	厂	丁	hall; room
锅	guo1	12	167	left_right	钅,呙	phono_semantic	钅	呙	pot; pan
秤	cheng4	10	115	left_right	禾,平	phono_semantic	禾	平	scale; balance
勇	yong3	9	19	top_bottom	甬,力	phono_semantic	力	甬	brave; courage
敢	gan3	11	66	left_right	敢,攵	compound_indicative			dare
愿	yuan4	14	61	top_bottom	原,心	phono_semantic	心	原	willing; wish
惨	can3	11	61	left_right	忄,参	phono_semantic	忄	参	miserable
悲	bei1	12	61	top_bottom	非,心	phono_semantic	心	非	sad; sorrow
喜	xi3	12	30	top_bottom	壴,口	compound_indicative			happy; joy
恋	lian4	10	61	top_bottom	亦,心	phono_semantic	心	亦	love; romance
恢	hui1	9	61	left_right	忄,灰	phono_semantic	忄	灰	restore
悔	hui3	10	61	left_right	忄,每	phono_semantic	忄	每	regret; repent
吻	wen3	7	30	left_right	口,勿	phono_semantic	口	勿	kiss; lips
丈	zhang4	3	1	singular		simple_indicative			measure; elder
妻	qi1	8	38	singular		compound_indicative			wife
寿	shou4	7	41	singular		compound_indicative			longevity
庄	zhuang1	6	53	semi_enclosure_upper_left	广,土	phono_semantic	广	土	village; manor
庙	miao4	8	53	semi_enclosure_upper_left	广,朝	phono_semantic	广	朝	temple
寺	si4	6	41	top_bottom	土,寸	compound_indicative			temple
塘	tang2	13	32	left_right	土,唐	phono_semantic	土	唐	pond; pool
井	jing3	4	7	singular		pictograph			well
泉	quan2	9	85	top_bottom	白,水	compound_indicative			spring; source
湿	shi1	12	85	left_right	氵,显	phono_semantic	氵	显	wet; damp
浇	jiao1	9	85	left_right	氵,尧	phono_semantic	氵	尧	water; pour
爬	pa2	8	87	left_right	爪,巴	phono_semantic	爪	巴	climb; crawl
升	sheng1	4	24	singular		simple_indicative			rise; liter
脖	bo2	10	130	left_right	月,孛	phono_semantic	月	孛	neck
横	heng2	15	75	left_right	木,黄	phono_semantic	木	黄	horizontal
竖	shu4	13	117	top_bottom	刂立,又	compound_indicative			vertical
撇	pie3	14	64	left_right	扌,敝	phono_semantic	扌	敝	left-falling
捺	na4	11	64	left_right	扌,奈	phono_semantic	扌	奈	right-falling
折	zhe2	7	64	left_right	扌,斤	phono_semantic	扌	斤	fold; break
钩	gou1	9	167	left_right	钅,勾	phono_semantic	钅	勾	hook
蹲	dun1	19	157	left_right	足,尊	phono_semantic	足	尊	squat; crouch
拐	guai3	8	64	left_right	扌,另	phono_semantic	扌	另	turn; crutch
腰	yao1	13	130	left_right	月,要	phono_semantic	月	要	waist
膝	xi1	15	130	left_right	月,桼	phono_semantic	月	桼	knee
肩	jian1	8	130	top_bottom	户,月	compound_indicative			shoulder
胸	xiong1	10	130	left_right	月,匈	phono_semantic	月	匈	chest; breast
腹	fu4	13	130	left_right	月,复	phono_semantic	月	复	abdomen; belly
臂	bi4	17	130	top_bottom	辟,月	phono_semantic	月	辟	arm
踩	cai3	15	157	left_right	足,采	phono_semantic	足	采	step on; trample
掌	zhang3	12	64	top_bottom	尚,手	phono_semantic	手	尚	palm; control
拳	quan2	10	64	top_bottom	龹,手	compound_indicative			fist
刀	dao1	2	18	singular		pictograph			knife; blade
剑	jian4	9	18	left_right	佥,刂	phono_semantic	刂	佥	sword
枪	qiang1	8	75	left_right	木,仓	phono_semantic	木	仓	gun; spear
炮	pao4	9	86	left_right	火,包	phono_semantic	火	包	cannon; gun
弓	gong1	3	57	singular		pictograph			bow
箭	jian4	15	118	top_bottom	⺮,前	phono_semantic	⺮	前	arrow
盾	dun4	9	109	top_bottom	厂,目十	compound_indicative			shield
甲	jia3	5	102	singular		pictograph			armor; first
旗	qi2	14	70	left_right	方,其	phono_semantic	方	其	flag; banner
鼓	gu3	13	207	left_right	壴,支	compound_indicative			drum; beat
